"type","id","author","editor","advisor","note","title","pages","article_no","num_pages","keywords","doi","journal","issue_date","volume","issue_no","description","month","year","issn","booktitle","acronym","edition","isbn","conf_loc","publisher","publisher_loc"
"article","3131445","Regan L. Mandryk and Max V. Birk and Adam  Lobel and Marieke  van Rooij and Isabela  Granic and Vero  Vanden Abeele","","","","Games for the Assessment and Treatment of Mental Health","673--678","","6","assessment, games, mental health, treatment","10.1145/3130859.3131445","","","","","","","2017","","Extended Abstracts Publication of the Annual Symposium on Computer-Human Interaction in Play","CHI PLAY '17 Extended Abstracts","","978-1-4503-5111-9","Amsterdam, The Netherlands","ACM","New York, NY, USA"
"article","2826180","David C. Mohr and Enid  Montague and Colleen  Stiles-Shields and Susan M. Kaiser and Christopher  Brenner and Eric  Carty-Fickes and Hannah  Palac and Jenna  Duffecy","","","","MedLink: A Mobile Intervention to Address Failure Points in the Treatment of Depression in General Medicine","100--107","","8","adherence, mHealth, mental health","","","","","","","","2015","","Proceedings of the 9th International Conference on Pervasive Computing Technologies for Healthcare","PervasiveHealth '15","","978-1-63190-045-7","Istanbul, Turkey","ICST (Institute for Computer Sciences, Social-Informatics and Telecommunications Engineering)","ICST, Brussels, Belgium, Belgium"
"article","2732758","Mohammed Sazzad Hussain and Rafael A. Calvo and Louise  Ellis and Juchen  Li and Laura  Ospina-Pinillos and Tracey  Davenport and Ian  Hickie","","","","NLG-Based Moderator Response Generator to Support Mental Health","1385--1390","","6","HCI, NLG, intervention, mental health, wellbeing","10.1145/2702613.2732758","","","","","","","2015","","Proceedings of the 33rd Annual ACM Conference Extended Abstracts on Human Factors in Computing Systems","CHI EA '15","","978-1-4503-3146-3","Seoul, Republic of Korea","ACM","New York, NY, USA"
"article","3313698","Manas  Gaur and Amanuel  Alambo and Joy Prakash  Sain and Ugur  Kursuncu and Krishnaprasad  Thirunarayan and Ramakanth  Kavuluru and Amit  Sheth and Randy  Welton and Jyotishman  Pathak","","","","Knowledge-aware Assessment of Severity of Suicide Risk for Early Intervention","514--525","","12","C-SSRS, Medical Knowledge Bases, Mental Health, Perceived Risk Measure, Reddit, Semantic Social Computing, Suicide Risk Assessment, Surveillance and Behavior Monitoring","10.1145/3308558.3313698","","","","","","","2019","","The World Wide Web Conference","WWW '19","","978-1-4503-6674-8","San Francisco, CA, USA","ACM","New York, NY, USA"
"article","2971804","Rina R. Wehbe and Diane K. Watson and Gustavo F. Tondello and Marim  Ganaba and Melissa  Stocco and Alvin  Lee and Lennart E. Nacke","","","","ABOVE WATER: An Educational Game for Anxiety","79--84","","6","games for health, mental health, psychology","10.1145/2968120.2971804","","","","","","","2016","","Proceedings of the 2016 Annual Symposium on Computer-Human Interaction in Play Companion Extended Abstracts","CHI PLAY Companion '16","","978-1-4503-4458-6","Austin, Texas, USA","ACM","New York, NY, USA"
"article","2965008","Elizabeth L. Murnane and Mark  Matthews and Geri  Gay","","","","Opportunities for Technology in the Self-management of Mental Health","1093--1096","","4","bipolar disorder, intervention, mHealth, mental health, mobile sensing, self-assessment","10.1145/2957265.2965008","","","","","","","2016","","Proceedings of the 18th International Conference on Human-Computer Interaction with Mobile Devices and Services Adjunct","MobileHCI '16","","978-1-4503-4413-5","Florence, Italy","ACM","New York, NY, USA"
"article","3351233","Mehrab Bin Morshed and Koustuv  Saha and Richard  Li and Sidney K. D'Mello and Munmun  De Choudhury and Gregory D. Abowd and Thomas  Pl&#246;tz","","","","Prediction of Mood Instability with Passive Sensing","75:1--75:21","75","21","Early Intervention, Mental Health, Mood Instability, Smartphone Sensing, Wearable Sensing","10.1145/3351233","Proc. ACM Interact. Mob. Wearable Ubiquitous Technol.","September 2019","3","3","","September","2019","2474-9567","","","","","","ACM","New York, NY, USA"
"article","2971740","Rui  Wang and Min S. H. Aung and Saeed  Abdullah and Rachel  Brian and Andrew T. Campbell and Tanzeem  Choudhury and Marta  Hauser and John  Kane and Michael  Merrill and Emily A. Scherer and Vincent W. S. Tseng and Dror  Ben-Zeev","","","","CrossCheck: Toward Passive Sensing and Detection of Mental Health Changes in People with Schizophrenia","886--897","","12","mental health, mobile sensing","10.1145/2971648.2971740","","","","","","","2016","","Proceedings of the 2016 ACM International Joint Conference on Pervasive and Ubiquitous Computing","UbiComp '16","","978-1-4503-4461-6","Heidelberg, Germany","ACM","New York, NY, USA"
"article","2983585","Alishia D. Williams","","","","Harnessing the Quantified Self Movement for Optimal Mental Health and Wellbeing","37--37","","1","mental health, wearables, wellbeing","10.1145/2983576.2983585","","","","","","","2016","","Proceedings of the First Workshop on Lifelogging Tools and Applications","LTA '16","","978-1-4503-4517-0","Amsterdam, The Netherlands","ACM","New York, NY, USA"
"article","2892452","Marieke  van Rooij and Adam  Lobel and Owen  Harris and Niki  Smit and Isabela  Granic","","","","DEEP: A Biofeedback Virtual Reality Game for Children At-risk for Anxiety","1989--1997","","9","biofeedback, childhood anxiety, games for mental health, interventions, virtual reality","10.1145/2851581.2892452","","","","","","","2016","","Proceedings of the 2016 CHI Conference Extended Abstracts on Human Factors in Computing Systems","CHI EA '16","","978-1-4503-4082-3","San Jose, California, USA","ACM","New York, NY, USA"
"article","3274147","Saeed  Abdullah and Akane  Sano and Elizabeth L. Murnane and Mirco  Musolesi and Jakob E. Bardram and Sandra  Servia and Tanzeem  Choudhury","","","","3rd International Workshop on Mental Health and Well-being: Sensing and Intervention","1681--1685","","5","Behavioral Intervention, Mental Health, Mobile Sensing, Predictive Modeling, mHealth","10.1145/3267305.3274147","","","","","","","2018","","Proceedings of the 2018 ACM International Joint Conference and 2018 International Symposium on Pervasive and Ubiquitous Computing and Wearable Computers","UbiComp '18","","978-1-4503-5966-5","Singapore, Singapore","ACM","New York, NY, USA"
"article","3347764","Akane  Sano and Saeed  Abdullah and Jakob E. Bardram and Sandra  Servia and Elizabeth L. Murnane and Tanzeem  Choudhury and Mirco  Musolesi and Giovanna Nunes Vilaza and Varun  Mishra","","","","4th International Workshop on Mental Health and Well-being: Sensing and Intervention","899--901","","3","behavioral intervention, mHealth, mental health, mobile sensing, predictive modeling","10.1145/3341162.3347764","","","","","","","2019","","Adjunct Proceedings of the 2019 ACM International Joint Conference on Pervasive and Ubiquitous Computing and Proceedings of the 2019 ACM International Symposium on Wearable Computers","UbiComp/ISWC '19 Adjunct","","978-1-4503-6869-8","London, United Kingdom","ACM","New York, NY, USA"
"article","3124461","Saeed  Abdullah and Mirco  Musolesi and Tanzeem  Choudhury and Elizabeth L. Murnane and Jakob E. Bardram","","","","2Nd International Workshop on Mental Health and Well-being: Sensing and Intervention","745--748","","4","behavioral intervention, mental health, mhealth, mobile sensing, predictive modeling","10.1145/3123024.3124461","","","","","","","2017","","Proceedings of the 2017 ACM International Joint Conference on Pervasive and Ubiquitous Computing and Proceedings of the 2017 ACM International Symposium on Wearable Computers","UbiComp '17","","978-1-4503-5190-4","Maui, Hawaii","ACM","New York, NY, USA"
"article","3130976","Rui  Wang and Weichen  Wang and Min S. H. Aung and Dror  Ben-Zeev and Rachel  Brian and Andrew T. Campbell and Tanzeem  Choudhury and Marta  Hauser and John  Kane and Emily A. Scherer and Megan  Walsh","","","","Predicting Symptom Trajectories of Schizophrenia Using Mobile Sensing","110:1--110:24","110","24","BPRS, Mental Health, Mobile Sensing, Schizophrenia","10.1145/3130976","Proc. ACM Interact. Mob. Wearable Ubiquitous Technol.","September 2017","1","3","","September","2017","2474-9567","","","","","","ACM","New York, NY, USA"
"article","2208602","Gavin  Doherty and David  Coyle and John  Sharry","","","","Engagement with Online Mental Health Interventions: An Exploratory Clinical Study of a Treatment for Depression","1421--1430","","10","cognitive behavioural therapy, depression, engagement, healthcare applications, mental health, online interventions","10.1145/2207676.2208602","","","","","","","2012","","Proceedings of the SIGCHI Conference on Human Factors in Computing Systems","CHI '12","","978-1-4503-1015-4","Austin, Texas, USA","ACM","New York, NY, USA"
"article","3131302","Anouk  Tuijnman and Isabela  Granic and Josh  Whitkin and Rutger C.M.E. Engels","","","","Developing and Testing ScrollQuest: A Video Game Targeting Rejection Sensitivity in Adolescents","213--221","","9","adolescence, depression, intervention, mental health, social rejection, video games","10.1145/3130859.3131302","","","","","","","2017","","Extended Abstracts Publication of the Annual Symposium on Computer-Human Interaction in Play","CHI PLAY '17 Extended Abstracts","","978-1-4503-5111-9","Amsterdam, The Netherlands","ACM","New York, NY, USA"
"article","3328935","X.  Yao and T.  Pl&#246;tz and M.  Johnson and K. de Barbaro","","","","Automated Detection of Infant Holding Using Wearable Sensing: Implications for Developmental Science and Intervention","64:1--64:17","64","17","Accelerometer, Assessment Scenarios, Attachment, Infant Holding, Mother-infant Interaction, Wearable Sensor","10.1145/3328935","Proc. ACM Interact. Mob. Wearable Ubiquitous Technol.","June 2019","3","2","","June","2019","2474-9567","","","","","","ACM","New York, NY, USA"
"article","3349304","Varun  Mishra","","","","From Sensing to Intervention for Mental and Behavioral Health","388--392","","5","engagement, intervention delivery, mental health, mobile health (mHealth), receptivity, stress detection","10.1145/3341162.3349304","","","","","","","2019","","Adjunct Proceedings of the 2019 ACM International Joint Conference on Pervasive and Ubiquitous Computing and Proceedings of the 2019 ACM International Symposium on Wearable Computers","UbiComp/ISWC '19 Adjunct","","978-1-4503-6869-8","London, United Kingdom","ACM","New York, NY, USA"
"article","3271732","Manas  Gaur and Ugur  Kursuncu and Amanuel  Alambo and Amit  Sheth and Raminta  Daniulaityte and Krishnaprasad  Thirunarayan and Jyotishman  Pathak","","","","Let Me Tell You About Your Mental Health!: Contextualized Classification of Reddit Posts to DSM-5 for Web-based Intervention","753--762","","10","drug abuse ontology, dsm-5, medical knowledge bases, mental health, reddit, semantic encoding and decoding, semantic social computing","10.1145/3269206.3271732","","","","","","","2018","","Proceedings of the 27th ACM International Conference on Information and Knowledge Management","CIKM '18","","978-1-4503-6014-2","Torino, Italy","ACM","New York, NY, USA"
"article","2659009","Jinhui  Li","","","","Examining the Impact of Game Interventions on Depression Among Older Adults","291--294","","4","depression, elderly, game intervention, mental health","10.1145/2658537.2659009","","","","","","","2014","","Proceedings of the First ACM SIGCHI Annual Symposium on Computer-human Interaction in Play","CHI PLAY '14","","978-1-4503-3014-5","Toronto, Ontario, Canada","ACM","New York, NY, USA"
"article","2783586","Anja  Thieme and Jayne  Wallace and Thomas D. Meyer and Patrick  Olivier","","","","Designing for Mental Wellbeing: Towards a More Holistic Approach in the Treatment and Prevention of Mental Illness","1--10","","10","digital design, ethics, healthcare, mental health technology, mental wellbeing, positive psychology","10.1145/2783446.2783586","","","","","","","2015","","Proceedings of the 2015 British HCI Conference","British HCI '15","","978-1-4503-3643-7","Lincoln, Lincolnshire, United Kingdom","ACM","New York, NY, USA"
"article","3240955","Silvia  Gabrielli and Carlota Las Hayas and Odin  Hjemdal and Mette  Ledertoug and D&#243;ra Gu&#240;r&#250;n Gu&#240;mundsd&#243;ttir and Anna Sigr&#237;&#240;ur &#211;lafsd&#243;ttir and Antoni  Zwiefka and Ane  Fullaondo and   on behalf of the UPRIGHT consortium","","","","The UPRIGHT Project: Designing and Validating Resilience-Based Interventions for Promoting Mental Wellbeing in Early Adolescence","352--355","","4","Mental Wellbeing interventions, Resilience coaching","10.1145/3240925.3240955","","","","","","","2018","","Proceedings of the 12th EAI International Conference on Pervasive Computing Technologies for Healthcare","PervasiveHealth '18","","978-1-4503-6450-8","New York, NY, USA","ACM","New York, NY, USA"
"article","3173905","Kathleen  O'Leary and Stephen M. Schueller and Jacob O. Wobbrock and Wanda  Pratt","","","","``Suddenly, We Got to Become Therapists for Each Other'': Designing Peer Support Chats for Mental Health","331:1--331:14","331","14","behavioral interventions, health, mental health, peer counseling, peer support, psychotherapy","10.1145/3173574.3173905","","","","","","","2018","","Proceedings of the 2018 CHI Conference on Human Factors in Computing Systems","CHI '18","","978-1-4503-5620-6","Montreal QC, Canada","ACM","New York, NY, USA"
"article","2971419","Maximilian  Kerz and Amos  Folarin and Nicholas  Meyer and Mark  Begale and James  MacCabe and Richard J Dobson","","","","SleepSight: A Wearables-based Relapse Prevention System for Schizophrenia","113--116","","4","human information processing, input devices and strategies, mental disorder, mobile sensing, probabilistic time series modelling, remote monitoring, sensor networks, user-centred design, wearable computing, web-based services","10.1145/2968219.2971419","","","","","","","2016","","Proceedings of the 2016 ACM International Joint Conference on Pervasive and Ubiquitous Computing: Adjunct","UbiComp '16","","978-1-4503-4462-3","Heidelberg, Germany","ACM","New York, NY, USA"
"article","1979378","David  Coyle and Nicola  McGlade and Gavin  Doherty and Gary  O'Reilly","","","","Exploratory Evaluations of a Computer Game Supporting Cognitive Behavioural Therapy for Adolescents","2937--2946","","10","adolescent mental health, cognitive behavioural therapy, complex health interventions, computer games, evaluations","10.1145/1978942.1979378","","","","","","","2011","","Proceedings of the SIGCHI Conference on Human Factors in Computing Systems","CHI '11","","978-1-4503-0228-9","Vancouver, BC, Canada","ACM","New York, NY, USA"
"article","3001856","Jose Juan Dominguez  Veiga and Tomas E.  Ward","","","","Data Collection Requirements for Mobile Connected Health: An End User Development Approach","23--30","","8","android, app inventor, behaviour change, connected health, data collection, end user development, interventions, mhealth, sensors, wearables","10.1145/3001854.3001856","","","","","","","2016","","Proceedings of the 1st International Workshop on Mobile Development","Mobile! 2016","","978-1-4503-4643-6","Amsterdam, Netherlands","ACM","New York, NY, USA"
"article","3287587","Stevie  Chancellor and Michael L. Birnbaum and Eric D. Caine and Vincent M. B. Silenzio and Munmun  De Choudhury","","","","A Taxonomy of Ethical Tensions in Inferring Mental Health States from Social Media","79--88","","10","algorithms, ethics, machine learning, mental health, social media","10.1145/3287560.3287587","","","","","","","2019","","Proceedings of the Conference on Fairness, Accountability, and Transparency","FAT* '19","","978-1-4503-6125-5","Atlanta, GA, USA","ACM","New York, NY, USA"
"article","3346271","Alberto  Gonz&#225;lez-P&#233;rez and Ignacio  Miralles and Carlos  Granell and Sven  Casteleyn","","","","Technical Challenges to Deliver Sensor-based Psychological Interventions Using Smartphones","915--920","","6","ecological momentary assessment, ecological momentary intervention, mental health, mobile health, mobile health challenges","10.1145/3341162.3346271","","","","","","","2019","","Adjunct Proceedings of the 2019 ACM International Joint Conference on Pervasive and Ubiquitous Computing and Proceedings of the 2019 ACM International Symposium on Wearable Computers","UbiComp/ISWC '19 Adjunct","","978-1-4503-6869-8","London, United Kingdom","ACM","New York, NY, USA"
"article","3154917","Eivind  Flobak and Frode  Guribye and Daniel A. Jensen and Astri J. Lundervold","","","","Designing Data-driven Interventions for Mental Health Care","423--426","","4","ADHD, affective interaction, assistive technology, mental health care, patient-generated data, pervasive affective sensing","10.1145/3154862.3154917","","","","","","","2017","","Proceedings of the 11th EAI International Conference on Pervasive Computing Technologies for Healthcare","PervasiveHealth '17","","978-1-4503-6363-1","Barcelona, Spain","ACM","New York, NY, USA"
"article","2686897","Laura  Pina and Kael  Rowan and Asta  Roseway and Paul  Johns and Gillian R. Hayes and Mary  Czerwinski","","","","In Situ Cues for ADHD Parenting Strategies Using Mobile Technology","17--24","","8","ADHD, family, just in time interventions, mental health, sensing","10.4108/icst.pervasivehealth.2014.254958","","","","","","","2014","","Proceedings of the 8th International Conference on Pervasive Computing Technologies for Healthcare","PervasiveHealth '14","","978-1-63190-011-2","Oldenburg, Germany","ICST (Institute for Computer Sciences, Social-Informatics and Telecommunications Engineering)","ICST, Brussels, Belgium, Belgium"
"article","2580064","Munmun  De Choudhury","","","","Can Social Media Help Us Reason About Mental Health?","1243--1244","","2","depression, emotion, facebook, language, mental health, social media, twitter, wellness","10.1145/2567948.2580064","","","","","","","2014","","Proceedings of the 23rd International Conference on World Wide Web","WWW '14 Companion","","978-1-4503-2745-9","Seoul, Korea","ACM","New York, NY, USA"
"article","3326032","Koustuv  Saha and Eshwar  Chandrasekharan and Munmun  De Choudhury","","","","Prevalence and Psychological Effects of Hateful Speech in Online College Communities","255--264","","10","college subreddits, hateful speech, mental health, natural language analysis, psychological endurance, reddit, social media, stress","10.1145/3292522.3326032","","","","","","","2019","","Proceedings of the 10th ACM Conference on Web Science","WebSci '19","","978-1-4503-6202-3","Boston, Massachusetts, USA","ACM","New York, NY, USA"
"article","3351245","Jittrapol  Intarasirisawat and Chee Siang Ang and Christos  Efstratiou and Luke William Feidhlim Dickens and Rupert  Page","","","","Exploring the Touch and Motion Features in Game-Based Cognitive Assessments","87:1--87:25","87","25","cognitive assessment, mobile health, serious games","10.1145/3351245","Proc. ACM Interact. Mob. Wearable Ubiquitous Technol.","September 2019","3","3","","September","2019","2474-9567","","","","","","ACM","New York, NY, USA"
"article","3332483","Sachin R. Pendse and Naveena  Karusala and Divya  Siddarth and Pattie  Gonsalves and Seema  Mehrotra and John A. Naslund and Mamta  Sood and Neha  Kumar and Amit  Sharma","","","","Mental Health in the Global South: Challenges and Opportunities in HCI for Development","22--36","","15","HCI4D, ICTD, aspirations-based design, mental health","10.1145/3314344.3332483","","","","","","","2019","","Proceedings of the 2Nd ACM SIGCAS Conference on Computing and Sustainable Societies","COMPASS '19","","978-1-4503-6714-1","Accra, Ghana","ACM","New York, NY, USA"
"article","3092311","Sinh  Huynh and Hwee-Pink  Tan and Youngki  Lee","","","","Towards Unobtrusive Mental Well-Being Monitoring for Independent-Living Elderly","1--6","","6","depression, elderly, loneliness, monitoring system","10.1145/3092305.3092311","","","","","","","2017","","Proceedings of the 4th International on Workshop on Physical Analytics","WPA '17","","978-1-4503-4958-1","Niagara Falls, New York, USA","ACM","New York, NY, USA"
"article","2806659","Munmun  De Choudhury","","","","Social Media for Mental Illness Risk Assessment, Prevention and Support","1--1","","1","mental health, social media, well-being","10.1145/2806655.2806659","","","","","","","2015","","Proceedings of the 1st ACM Workshop on Social Media World Sensors","SIdEWayS '15","","978-1-4503-3798-4","Guzelyurt, Northern Cyprus","ACM","New York, NY, USA"
"article","3359215","Elizabeth  Kaziunas and Michael S. Klinkman and Mark S. Ackerman","","","","Precarious Interventions: Designing for Ecologies of Care","113:1--113:27","113","27","behavioral health, care work, community health, ethnography, infrastructure, mental health, repair","10.1145/3359215","Proc. ACM Hum.-Comput. Interact.","November 2019","3","CSCW","","November","2019","2573-0142","","","","","","ACM","New York, NY, USA"
"article","3145410","Ana C. Zamorano and Esperanza  Marchena-Consejero and Federico  Herv&#237;as-Ortega and Inmaculada  Menacho-Jim&#233;nez and Carlos  Mera-Cantillo","","","","A Review of Online Psychological Interventions","60:1--60:7","60","7","Online counselling, e-health, intervention, psychological, technology","10.1145/3144826.3145410","","","","","","","2017","","Proceedings of the 5th International Conference on Technological Ecosystems for Enhancing Multiculturality","TEEM 2017","","978-1-4503-5386-1","C&aacute;diz, Spain","ACM","New York, NY, USA"
"article","2686909","Pablo  Paredes and Ran  Gilad-Bachrach and Mary  Czerwinski and Asta  Roseway and Kael  Rowan and Javier  Hernandez","","","","PopTherapy: Coping with Stress Through Pop-culture","109--117","","9","behavior change, contextual, coping, crowd therapy, depression, interventions, learning, machine learning, mental health, mobile, pervasive, recommender, stress, stress awareness","10.4108/icst.pervasivehealth.2014.255070","","","","","","","2014","","Proceedings of the 8th International Conference on Pervasive Computing Technologies for Healthcare","PervasiveHealth '14","","978-1-63190-011-2","Oldenburg, Germany","ICST (Institute for Computer Sciences, Social-Informatics and Telecommunications Engineering)","ICST, Brussels, Belgium, Belgium"
"article","2896352","Helena  Lindgren and Jayalakshmi  Baskar and Esteban  Guerrero and Juan Carlos  Nieves and Ingeborg  Nilsson and Chunli  Yan","","","","Computer-Supported Assessment for Tailoring Assistive Technology","1--10","","10","ambient assisted living, assistive technology, behavior change systems, end-user development, knowledge-based systems, mental health, multi-agent systems, participatory action research, personalization, user modeling","10.1145/2896338.2896352","","","","","","","2016","","Proceedings of the 6th International Conference on Digital Health Conference","DH '16","","978-1-4503-4224-7","Montr&#233;al, Qu&#233;bec, Canada","ACM","New York, NY, USA"
"article","2773259","Zina M. Ibrahim and Lorena  Fern&#225;ndez de la Cruz and Argyris  Stringaris and Robert  Goodman and Michael  Luck and Richard J.B. Dobson","","","","A Multi-Agent Platform for Automating the Collection of Patient-Provided Clinical Feedback","831--839","","9","automation, electronic health records, healthcare, multi-agent","","","","","","","","2015","","Proceedings of the 2015 International Conference on Autonomous Agents and Multiagent Systems","AAMAS '15","","978-1-4503-3413-6","Istanbul, Turkey","International Foundation for Autonomous Agents and Multiagent Systems","Richland, SC"
"article","3052618","Sandra  Servia-Rodr&#237;guez and Kiran K. Rachuri and Cecilia  Mascolo and Peter J. Rentfrow and Neal  Lathia and Gillian M. Sandstrom","","","","Mobile Sensing at the Service of Mental Well-being: A Large-scale Longitudinal Study","103--112","","10","affective computing, behavioural monitoring, mental wellbeing, mobile sensing","10.1145/3038912.3052618","","","","","","","2017","","Proceedings of the 26th International Conference on World Wide Web","WWW '17","","978-1-4503-4913-0","Perth, Australia","International World Wide Web Conferences Steering Committee","Republic and Canton of Geneva, Switzerland"
"article","2630817","Eric  Schadt","","","","A Data Driven Approach to Diagnosing and Treating Disease","3--3","","1","causal network inference, drug discovery, multiscale biology, predictive network modeling, systems biology","10.1145/2623330.2630817","","","","","","","2014","","Proceedings of the 20th ACM SIGKDD International Conference on Knowledge Discovery and Data Mining","KDD '14","","978-1-4503-2956-9","New York, New York, USA","ACM","New York, NY, USA"
"article","2968303","Jakob E. Bardram and Mads  Frost and Nanna  Tuxen and Maria  Faurholt-Jepsen and Lars V. Kessing","","","","Designing Context-aware Cognitive Behavioral Therapy for Unipolar and Bipolar Disorders","1162--1170","","9","CBT, bipolar disorder, cognitive behavioral therapy, context-aware intervention, depression, mental health, recommender system","10.1145/2968219.2968303","","","","","","","2016","","Proceedings of the 2016 ACM International Joint Conference on Pervasive and Ubiquitous Computing: Adjunct","UbiComp '16","","978-1-4503-4462-3","Heidelberg, Germany","ACM","New York, NY, USA"
"article","3295650","Alissa N. Antle and Elgin Skye McLaren and Holly  Fiedler and Naomi  Johnson","","","","Design for Mental Health: How Socio-Technological Processes Mediate Outcome Measures in a Field Study of a Wearable Anxiety App","87--96","","10","brain-computer interfaces, children, emotion-regulation, learning, mental health., socio-technological studies","10.1145/3294109.3295650","","","","","","","2019","","Proceedings of the Thirteenth International Conference on Tangible, Embedded, and Embodied Interaction","TEI '19","","978-1-4503-6196-5","Tempe, Arizona, USA","ACM","New York, NY, USA"
"article","3274429","Petr  Slov&#225;k and Nikki  Theofanopoulou and Alessia  Cecchet and Peter  Cottrell and Ferran  Altarriba Bertran and Ella  Dagan and Julian  Childs and Katherine  Isbister","","","","I Just Let Him Cry...: Designing Socio-Technical Interventions in Families to Prevent Mental Health Disorders","160:1--160:34","160","34","emotion regulation, families, interventions, mental health promotion, prevention science, social-emotional learning","10.1145/3274429","Proc. ACM Hum.-Comput. Interact.","November 2018","2","CSCW","","November","2018","2573-0142","","","","","","ACM","New York, NY, USA"
"article","3025909","Shrey  Bagroy and Ponnurangam  Kumaraguru and Munmun  De Choudhury","","","","A Social Media Based Index of Mental Well-Being in College Campuses","1634--1646","","13","college mental health, reddit, social media, transfer learning","10.1145/3025453.3025909","","","","","","","2017","","Proceedings of the 2017 CHI Conference on Human Factors in Computing Systems","CHI '17","","978-1-4503-4655-9","Denver, Colorado, USA","ACM","New York, NY, USA"
"article","1979379","Mark  Matthews and Gavin  Doherty","","","","In the Mood: Engaging Teenagers in Psychotherapy Using Mobile Phones","2947--2956","","10","clinical evaluation, mental health, mobile applications","10.1145/1978942.1979379","","","","","","","2011","","Proceedings of the SIGCHI Conference on Human Factors in Computing Systems","CHI '11","","978-1-4503-0228-9","Vancouver, BC, Canada","ACM","New York, NY, USA"
"article","2982207","Victor  Dibia","","","","FOQUS: A Smartwatch Application for Individuals with ADHD and Mental Health Challenges","311--312","","2","adhd, attention deficiency, mental health., smartwatches, wearables","10.1145/2982142.2982207","","","","","","","2016","","Proceedings of the 18th International ACM SIGACCESS Conference on Computers and Accessibility","ASSETS '16","","978-1-4503-4124-0","Reno, Nevada, USA","ACM","New York, NY, USA"
"article","1389603","Ilias  Sachpazidis and Georgios  Sakas","","","","Medication Intake Assessment","14:1--14:4","14","4","entropy, home care, medication adherence, telemedicine","10.1145/1389586.1389603","","","","","","","2008","","Proceedings of the 1st International Conference on PErvasive Technologies Related to Assistive Environments","PETRA '08","","978-1-60558-067-8","Athens, Greece","ACM","New York, NY, USA"
"article","3323140","Arpita  Bhattacharya and Calvin  Liang and Emily Y. Zeng and Kanishk  Shukla and Miguel E. R. Wong and Sean A. Munson and Julie A. Kientz","","","","Engaging Teenagers in Asynchronous Online Groups to Design for Stress Management","26--37","","12","Teenagers, asynchronous remote communities, mental health, stress","10.1145/3311927.3323140","","","","","","","2019","","Proceedings of the 18th ACM International Conference on Interaction Design and Children","IDC '19","","978-1-4503-6690-8","Boise, ID, USA","ACM","New York, NY, USA"
"article","3025932","Lydia  Manikonda and Munmun  De Choudhury","","","","Modeling and Understanding Visual Attributes of Mental Health Disclosures in Social Media","170--181","","12","instagram, mental health, social media, visual attributes","10.1145/3025453.3025932","","","","","","","2017","","Proceedings of the 2017 CHI Conference on Human Factors in Computing Systems","CHI '17","","978-1-4503-4655-9","Denver, Colorado, USA","ACM","New York, NY, USA"
"article","3209869","Matthew J. Bauman and Kate S. Boxer and Tzu-Yun  Lin and Erika  Salomon and Hareem  Naveed and Lauren  Haynes and Joe  Walsh and Jen  Helsby and Steve  Yoder and Robert  Sullivan and Chris  Schneweis and Rayid  Ghani","","","","Reducing Incarceration Through Prioritized Interventions","6:1--6:8","6","8","criminal justice system, frequent utilizers, machine learning, predictive intervention system","10.1145/3209811.3209869","","","","","","","2018","","Proceedings of the 1st ACM SIGCAS Conference on Computing and Sustainable Societies","COMPASS '18","","978-1-4503-5816-3","Menlo Park and San Jose, CA, USA","ACM","New York, NY, USA"
"article","2998349","Kathleen  O'Leary and Arpita  Bhattacharya and Sean A. Munson and Jacob O. Wobbrock and Wanda  Pratt","","","","Design Opportunities for Mental Health Peer Support Technologies","1470--1484","","15","behavioral interventions, mental health, mental illness, online community, peer support, social media","10.1145/2998181.2998349","","","","","","","2017","","Proceedings of the 2017 ACM Conference on Computer Supported Cooperative Work and Social Computing","CSCW '17","","978-1-4503-4335-0","Portland, Oregon, USA","ACM","New York, NY, USA"
"article","3131299","Joanneke  Weerdmeester and Marieke  van Rooij and Owen  Harris and Niki  Smit and Rutger C.M.E Engels and Isabela  Granic","","","","Exploring the Role of Self-efficacy in Biofeedback Video Games","453--461","","9","anxiety, biofeedback, emotion regulation, games for health, interventions, mental health, psychology, self-efficacy, stress, video games, virtual reality","10.1145/3130859.3131299","","","","","","","2017","","Extended Abstracts Publication of the Annual Symposium on Computer-Human Interaction in Play","CHI PLAY '17 Extended Abstracts","","978-1-4503-5111-9","Amsterdam, The Netherlands","ACM","New York, NY, USA"
"article","2738016","Ellen W. Zegura and Elena  Derkits and Janice  Cooper","","","","See My Work: Sustaining a Data Reporting Practice by Mental Health Clinicians in Liberia","16:1--16:10","16","10","DEV, HCI4D, ICTD, computing for development, data entry","10.1145/2737856.2738016","","","","","","","2015","","Proceedings of the Seventh International Conference on Information and Communication Technologies and Development","ICTD '15","","978-1-4503-3163-0","Singapore, Singapore","ACM","New York, NY, USA"
"article","3174146","Kwangyoung  Lee and Hwajung  Hong","","","","MindNavigator: Exploring the Stress and Self-Interventions for Mental Wellness","572:1--572:14","572","14","lived informatics, mental wellness, personal informatics, self-tracking, stress management","10.1145/3173574.3174146","","","","","","","2018","","Proceedings of the 2018 CHI Conference on Human Factors in Computing Systems","CHI '18","","978-1-4503-5620-6","Montreal QC, Canada","ACM","New York, NY, USA"
"article","1519013","David  Coyle and Gavin  Doherty","","","","Clinical Evaluations and Collaborative Design: Developing New Technologies for Mental Healthcare Interventions","2051--2060","","10","clinical evaluations, collaborative design, computer gaming, mental health","10.1145/1518701.1519013","","","","","","","2009","","Proceedings of the SIGCHI Conference on Human Factors in Computing Systems","CHI '09","","978-1-60558-246-7","Boston, MA, USA","ACM","New York, NY, USA"
"article","3240933","Nasim  Motalebi and Saeed  Abdullah","","","","Conversational Agents to Provide Couple Therapy for Patients with PTSD","347--351","","5","CSCW, Conversation Voice Agents, HCI, Mental Health, PTSD","10.1145/3240925.3240933","","","","","","","2018","","Proceedings of the 12th EAI International Conference on Pervasive Computing Technologies for Healthcare","PervasiveHealth '18","","978-1-4503-6450-8","New York, NY, USA","ACM","New York, NY, USA"
"article","3346273","Lucy  Van Kleunen and Stephen  Voida","","","","Challenges in Supporting Social Practices Around Personal Data for Long-term Mental Health Management","944--948","","5","personal informatics, serious mental illness","10.1145/3341162.3346273","","","","","","","2019","","Adjunct Proceedings of the 2019 ACM International Joint Conference on Pervasive and Ubiquitous Computing and Proceedings of the 2019 ACM International Symposium on Wearable Computers","UbiComp/ISWC '19 Adjunct","","978-1-4503-6869-8","London, United Kingdom","ACM","New York, NY, USA"
"article","3053208","Ishwarya  Ananthabhotla and Alexandra  Rieger and Dan  Greenberg and Rosalind  Picard","","","","MIT Community Challenge: Designing a Platform to Promote Kindness and Prosocial Behavior","2352--2358","","7","health technology, kindness, mental health, prosocial behavior","10.1145/3027063.3053208","","","","","","","2017","","Proceedings of the 2017 CHI Conference Extended Abstracts on Human Factors in Computing Systems","CHI EA '17","","978-1-4503-4656-6","Denver, Colorado, USA","ACM","New York, NY, USA"
"article","2481366","Anja  Thieme and Jayne  Wallace and Paula  Johnson and John  McCarthy and Si&#226;n  Lindley and Peter  Wright and Patrick  Olivier and Thomas D. Meyer","","","","Design to Promote Mindfulness Practice and Sense of Self for Vulnerable Women in Secure Hospital Services","2647--2656","","10","hospital, interaction design, materiality, mental health technology, mental wellbeing, mindfulness, sense of self","10.1145/2470654.2481366","","","","","","","2013","","Proceedings of the SIGCHI Conference on Human Factors in Computing Systems","CHI '13","","978-1-4503-1899-0","Paris, France","ACM","New York, NY, USA"
"article","2534618","Pablo  Paredes and David  Sun and John  Canny","","","","Sensor-less Sensing for Affective Computing and Stress Management Technology","459--463","","5","activity sensors, affective computing, bio sensors, mental states, mobile devices, pervasive mental health, physiological measurements, psychological stress, unintrusive sensing","10.4108/icst.pervasivehealth.2013.252380","","","","","","","2013","","Proceedings of the 7th International Conference on Pervasive Computing Technologies for Healthcare","PervasiveHealth '13","","978-1-936968-80-0","Venice, Italy","ICST (Institute for Computer Sciences, Social-Informatics and Telecommunications Engineering)","ICST, Brussels, Belgium, Belgium"
"article","2838815","Tobias  Sonne and Carsten  Obel and Kaj  Gr&#248;nb&#230;k","","","","Designing Real Time Assistive Technologies: A Study of Children with ADHD","34--38","","5","ADHD, Assistive Technology, Children, Mental Disorder Management, Wearable Computing, smartphone intervention","10.1145/2838739.2838815","","","","","","","2015","","Proceedings of the Annual Meeting of the Australian Special Interest Group for Computer Human Interaction","OzCHI '15","","978-1-4503-3673-4","Parkville, VIC, Australia","ACM","New York, NY, USA"
"article","2513179","Reeva  Lederman and Greg  Wadley and John  Gleeson and Sarah  Bendall and Mario  &#193;lvarez-Jim&#233;nez","","","","Moderated Online Social Therapy: Designing and Evaluating Technology for Mental Health","5:1--5:26","5","26","Mental health interventions, online therapy, positive computing, supportive accountability, user experience, user-appropriate design","10.1145/2513179","ACM Trans. Comput.-Hum. Interact.","February 2014","21","1","","February","2014","1073-0516","","","","","","ACM","New York, NY, USA"
"article","2856463","Rafael A. Calvo and Karthik  Dinakar and Rosalind  Picard and Pattie  Maes","","","","Computing in Mental Health","3438--3445","","8","ehealth, mental health, positive computing, social media, wearables","10.1145/2851581.2856463","","","","","","","2016","","Proceedings of the 2016 CHI Conference Extended Abstracts on Human Factors in Computing Systems","CHI EA '16","","978-1-4503-4082-3","San Jose, California, USA","ACM","New York, NY, USA"
"article","3312987","Hoang D. Nguyen and &#216;ystein  Eiring","","","","Reaching Optimal Health: The Voice of Clinicians from a Roleplay Simulation","LBW1813:1--LBW1813:6","LBW1813","6","enabling factors, health optimisation, mental health, roleplay simulation, swing","10.1145/3290607.3312987","","","","","","","2019","","Extended Abstracts of the 2019 CHI Conference on Human Factors in Computing Systems","CHI EA '19","","978-1-4503-5971-9","Glasgow, Scotland Uk","ACM","New York, NY, USA"
"article","3312824","Stephanie  Balters and Madeline  Bernstein and Pablo E. Paredes","","","","On-road Stress Analysis for In-car Interventions During the Commute","LBW2110:1--LBW2110:6","LBW2110","6","commute, driving behavior, driving-induced stress, health, health interventions, just in time intervention, mental health, on-road, safety, stress, stress management, stress measurement","10.1145/3290607.3312824","","","","","","","2019","","Extended Abstracts of the 2019 CHI Conference on Human Factors in Computing Systems","CHI EA '19","","978-1-4503-5971-9","Glasgow, Scotland Uk","ACM","New York, NY, USA"
"article","3010925","Tobias  Sonne and Paul  Marshall and Carsten  Obel and Per Hove Thomsen and Kaj  Gr&#248;nb&#230;k","","","","An Assistive Technology Design Framework for ADHD","60--70","","11","ADHD, adults, assistive technologies, children, design, design framework, health, interventions, mental disorders","10.1145/3010915.3010925","","","","","","","2016","","Proceedings of the 28th Australian Conference on Computer-Human Interaction","OzCHI '16","","978-1-4503-4618-4","Launceston, Tasmania, Australia","ACM","New York, NY, USA"
"article","2559230","Mark  Matthews and Erin  Carroll and Saeed  Abdullah and Jaime  Snyder and Matthew  Kay and Tanzeem  Choudhury and Geri  Gay and Julie  Kientz","","","","Biological Rhythms and Technology","123--126","","4","biological rhythms, circadian, health, infradian, mental illness, sleep, ultradian, wellbeing","10.1145/2559206.2559230","","","","","","","2014","","CHI '14 Extended Abstracts on Human Factors in Computing Systems","CHI EA '14","","978-1-4503-2474-8","Toronto, Ontario, Canada","ACM","New York, NY, USA"
"article","3197262","Mohamed  Abdelrazek and Amani  Ibrahim and Andrew  Cain and John  Grundy","","","","Vision: Mobile Ehealth Learning and Intervention Platform","252--256","","5","digital health intervention, ehealth marketplace, health analytics, mhealth","10.1145/3197231.3197262","","","","","","","2018","","Proceedings of the 5th International Conference on Mobile Software Engineering and Systems","MOBILESoft '18","","978-1-4503-5712-8","Gothenburg, Sweden","ACM","New York, NY, USA"
"article","1754074","David  Coyle and Gavin  Doherty and John  Sharry","","","","PlayWrite: End-user Adaptable Games to Support Adolescent Mental Health","3889--3894","","6","computer gaming, mental health, user-centred design","10.1145/1753846.1754074","","","","","","","2010","","CHI '10 Extended Abstracts on Human Factors in Computing Systems","CHI EA '10","","978-1-60558-930-5","Atlanta, Georgia, USA","ACM","New York, NY, USA"
"article","2729507","Maria K. Wolters and Aurora Szent&#225;gotai T&#226;tar and Silviu  Matu and Ramona  Moldovan and Daniel  David and Brian H. McKinstry and Christopher D. Burton","","","","eHealth Support for People with Depression in the Community: A Case Study Series","138--144","","7","actigraphy, depression, eHealth, monitoring, virtual agents","","","","","","","","2014","","Proceedings of HCI Korea","HCIK '15","","978-89-6848-752-1","Seoul, Republic of Korea","Hanbit Media, Inc.","South Korea"
"article","3167934","Ziwei  Liu and Jim  Warren and Grant  Christie","","","","Design of a Technology-delivered Motivational Interviewing Intervention for Youth Empowerment","24:1--24:10","24","10","electronic therapy, interaction design, mobile design","10.1145/3167918.3167934","","","","","","","2018","","Proceedings of the Australasian Computer Science Week Multiconference","ACSW '18","","978-1-4503-5436-3","Brisband, Queensland, Australia","ACM","New York, NY, USA"
"article","3312785","Stephanie  Balters and James A. Landay and Pablo E. Paredes","","","","On-road Guided Slow Breathing Interventions for Car Commuters","LBW2111:1--LBW2111:5","LBW2111","5","commute, deep breathing, health, just in time intervention, mental health, on the road, road safety, slow breathing, stress management","10.1145/3290607.3312785","","","","","","","2019","","Extended Abstracts of the 2019 CHI Conference on Human Factors in Computing Systems","CHI EA '19","","978-1-4503-5971-9","Glasgow, Scotland Uk","ACM","New York, NY, USA"
"article","3267700","Satoru  Minagawa and Kaori  Fujinami","","","","Estimating Smartphone Addiction Proneness Scale Through the State of Use of Terminal and Applications","726--729","","4","Smartphone, addiction, feature selection, intervention, regression model","10.1145/3267305.3267700","","","","","","","2018","","Proceedings of the 2018 ACM International Joint Conference and 2018 International Symposium on Pervasive and Ubiquitous Computing and Wearable Computers","UbiComp '18","","978-1-4503-5966-5","Singapore, Singapore","ACM","New York, NY, USA"
"article","3284894","Xiaoping  Ma and Nadee  Goonawardene and Hwee Pink Tan","","","","Identifying Elderly with Poor Sleep Quality Using Unobtrusive In-home Sensors for Early Intervention","94--99","","6","Health and social care, IoT, Sleep Quality, Smart Home","10.1145/3284869.3284894","","","","","","","2018","","Proceedings of the 4th EAI International Conference on Smart Objects and Technologies for Social Good","Goodtechs '18","","978-1-4503-6581-9","Bologna, Italy","ACM","New York, NY, USA"
"article","2208612","Sue  Jamison-Powell and Conor  Linehan and Laura  Daley and Andrew  Garbett and Shaun  Lawson","","","","I Can'T Get No Sleep: Discussing #Insomnia on Twitter","1501--1510","","10","health, insomnia, mental health, microblogging, self-disclosure, twitter","10.1145/2207676.2208612","","","","","","","2012","","Proceedings of the SIGCHI Conference on Human Factors in Computing Systems","CHI '12","","978-1-4503-1015-4","Austin, Texas, USA","ACM","New York, NY, USA"
"article","3346278","Ker-Jiun  Wang and Caroline Yan Zheng","","","","Wearable Robot for Mental Health Intervention: A Pilot Study on EEG Brain Activities in Response to Human and Robot Affective Touch","949--953","","5","EEG, affective touch, emotion regulations, wearable robot","10.1145/3341162.3346278","","","","","","","2019","","Adjunct Proceedings of the 2019 ACM International Joint Conference on Pervasive and Ubiquitous Computing and Proceedings of the 2019 ACM International Symposium on Wearable Computers","UbiComp/ISWC '19 Adjunct","","978-1-4503-6869-8","London, United Kingdom","ACM","New York, NY, USA"
"article","2743049","Umashanthi  Pavalanathan and Munmun  De Choudhury","","","","Identity Management and Mental Health Discourse in Social Media","315--321","","7","health, identity, mental health, reddit, social media, throwaways","10.1145/2740908.2743049","","","","","","","2015","","Proceedings of the 24th International Conference on World Wide Web","WWW '15 Companion","","978-1-4503-3473-0","Florence, Italy","ACM","New York, NY, USA"
"article","3108902","Rafael  Calvo and Karthik  Dinakar and Rosalind  Picard and John  Torous","","","","2Nd Symposia on Computing and Mental Health","3073--3080","","8","","10.1145/3027063.3108902","","","","","","","2017","","Proceedings of the 2017 CHI Conference Extended Abstracts on Human Factors in Computing Systems","CHI EA '17","","978-1-4503-4656-6","Denver, Colorado, USA","ACM","New York, NY, USA"
"article","2858157","Tobias  Sonne and J&#246;rg  M&#252;ller and Paul  Marshall and Carsten  Obel and Kaj  Gr&#248;nb&#230;k","","","","Changing Family Practices with Assistive Technology: MOBERO Improves Morning and Bedtime Routines for Children with ADHD","152--164","","13","ADHD, assistive technology, attention deficit hyperactivity disorder, behavior change, children, mental health, mobile, routines, sleep","10.1145/2858036.2858157","","","","","","","2016","","Proceedings of the 2016 CHI Conference on Human Factors in Computing Systems","CHI '16","","978-1-4503-3362-7","San Jose, California, USA","ACM","New York, NY, USA"
"article","2987613","Peter  Cannon and Katie  Walkup and Joshua M. Rea","","","","mHEaL and mHealth in a Restricted Environment: Design and Usability of an Offline Mental Health Literacy App","15:1--15:3","15","3","Comprehensive Model of Information Seeking, UX, medical rhetoric, offline applications, usability","10.1145/2987592.2987613","","","","","","","2016","","Proceedings of the 34th ACM International Conference on the Design of Communication","SIGDOC '16","","978-1-4503-4495-1","Silver Spring, MD, USA","ACM","New York, NY, USA"
"article","3267540","Callum L. Stewart and Zulqarnain  Rashid and Yatharth  Ranjan and Shaoxiong  Sun and Richard J.B. Dobson and Amos A. Folarin","","","","RADAR-base: Major Depressive Disorder and Epilepsy Case Studies","1735--1743","","9","data collection platform, mHealth, mental health, mobile context sensing, wearable sensors","10.1145/3267305.3267540","","","","","","","2018","","Proceedings of the 2018 ACM International Joint Conference and 2018 International Symposium on Pervasive and Ubiquitous Computing and Wearable Computers","UbiComp '18","","978-1-4503-5966-5","Singapore, Singapore","ACM","New York, NY, USA"
"article","3242981","Adria  Mallol-Ragolta and Svati  Dhamija and Terrance E. Boult","","","","A Multimodal Approach for Predicting Changes in PTSD Symptom Severity","324--333","","10","cse-t questionnaire, machine learning, pcl-5 questionnaire, signal processing, skin conductance, trauma recovery","10.1145/3242969.3242981","","","","","","","2018","","Proceedings of the 20th ACM International Conference on Multimodal Interaction","ICMI '18","","978-1-4503-5692-3","Boulder, CO, USA","ACM","New York, NY, USA"
"article","3240932","Paula  Wilbourne and Geralyn  Dexter and David  Shoup","","","","Research Driven: Sibly and the Transformation of Mental Health and Wellness","389--391","","3","Chat, Coaching, Digital Health, Empirically-based tools, Machine Learning, Mental Health, Motivational Interviewing, Wellness","10.1145/3240925.3240932","","","","","","","2018","","Proceedings of the 12th EAI International Conference on Pervasive Computing Technologies for Healthcare","PervasiveHealth '18","","978-1-4503-6450-8","New York, NY, USA","ACM","New York, NY, USA"
"article","2789137","Mohamed  Eldib and Francis  Deboeverie and Dirk Van Haerenborgh and Wilfried  Philips and Hamid  Aghajan","","","","Detection of Visitors in Elderly Care Using a Low-resolution Visual Sensor Network","56--61","","6","ambient assisted living (AAL), hidden markov models (HMM), low-resolution visual sensors, visitor detection","10.1145/2789116.2789137","","","","","","","2015","","Proceedings of the 9th International Conference on Distributed Smart Cameras","ICDSC '15","","978-1-4503-3681-9","Seville, Spain","ACM","New York, NY, USA"
"article","3332433","Makuochi  Nkwo","","","","Designing Mobile Persuasive Technology to Promote Mental Healthcare in Developing African Nations","27:1--27:2","27","2","Africa, Behavior, Mental Health, Mobile Technology, Persuasion, Social Influence","10.1145/3315002.3332433","","","","","","","2019","","Proceedings of the 16th Web For All 2019 Personalization - Personalizing the Web","W4A '19","","978-1-4503-6716-5","San Francisco, CA, USA","ACM","New York, NY, USA"
"article","2611275","Tanzeem  Choudhury","","","","Using Smartphones to Sense, Assess, and Improve Well-being","15--15","","1","behavior change, human behavior modeling, mobile sensing","10.1145/2611264.2611275","","","","","","","2014","","Proceedings of the 2014 Workshop on Physical Analytics","WPA '14","","978-1-4503-2825-8","Bretton Woods, New Hampshire, USA","ACM","New York, NY, USA"
"article","3298997","John  Torous and Maria K. Wolters and Greg  Wadley and Rafael A. Calvo","","","","4th Symposium on Computing and Mental Health: Designing Ethical eMental Health Services","Sym05:1--Sym05:9","Sym05","9","anxiety, apps, depression, innovation, medical, mental health, smartphones, wellness","10.1145/3290607.3298997","","","","","","","2019","","Extended Abstracts of the 2019 CHI Conference on Human Factors in Computing Systems","CHI EA '19","","978-1-4503-5971-9","Glasgow, Scotland Uk","ACM","New York, NY, USA"
"article","3099111","Ana  Ciocarlan and Judith  Masthoff and Nir  Oren","","","","Qualitative Study into Adapting Persuasive Games for Mental Wellbeing to Personality, Stressors and Attitudes","402--407","","6","adaptation, attitude, mental health, personality, persuasive games, stress, wellbeing","10.1145/3099023.3099111","","","","","","","2017","","Adjunct Publication of the 25th Conference on User Modeling, Adaptation and Personalization","UMAP '17","","978-1-4503-5067-9","Bratislava, Slovakia","ACM","New York, NY, USA"
"article","2998220","Munmun  De Choudhury and Sanket S. Sharma and Tomaz  Logar and Wouter  Eekhout and Ren&#233; Clausen Nielsen","","","","Gender and Cross-Cultural Differences in Social Media Disclosures of Mental Illness","353--369","","17","culture, depression, gender, health, mental health, reddit, social media, suicide, twitter","10.1145/2998181.2998220","","","","","","","2017","","Proceedings of the 2017 ACM Conference on Computer Supported Cooperative Work and Social Computing","CSCW '17","","978-1-4503-4335-0","Portland, Oregon, USA","ACM","New York, NY, USA"
"article","3340042","Hui  Yang and Peter A. Bath","","","","Automatic Prediction of Depression in Older Age","36--44","","9","Depression, ELSA data, machine learning algorithms, older people, predictive model","10.1145/3340037.3340042","","","","","","","2019","","Proceedings of the Third International Conference on Medical and Health Informatics 2019","ICMHI 2019","","978-1-4503-7199-5","Xiamen, China","ACM","New York, NY, USA"
"article","2801657","Saeed  Abdullah","","","","Towards Circadian Computing: A Sensing &#38; Intervention Framework for BodyClock Friendly Technology","515--520","","6","chronobiology, circadian computing, mHealth, mobile sensing","10.1145/2800835.2801657","","","","","","","2015","","Adjunct Proceedings of the 2015 ACM International Joint Conference on Pervasive and Ubiquitous Computing and Proceedings of the 2015 ACM International Symposium on Wearable Computers","UbiComp/ISWC'15 Adjunct","","978-1-4503-3575-1","Osaka, Japan","ACM","New York, NY, USA"
"article","2638784","Sky Tien-Yun Huang and Akane  Sano and Chloe Mun Yee Kwan","","","","The Moment: A Mobile Tool for People with Depression or Bipolar Disorder","235--238","","4","bipolar, data visualization, depression, emotion, mobile application, quantified self, self assessment, user experience, user interface","10.1145/2638728.2638784","","","","","","","2014","","Proceedings of the 2014 ACM International Joint Conference on Pervasive and Ubiquitous Computing: Adjunct Publication","UbiComp '14 Adjunct","","978-1-4503-3047-3","Seattle, Washington","ACM","New York, NY, USA"
"article","2851678","Yoon Phaik Ooi and Dion Hoe-Lian Goh and Elisa D. Mekler and Alexandre N. Tuch and Jillian  Boon and Rebecca P. Ang and Daniel  Fung and Jens  Gaab","","","","Understanding Player Perceptions of RegnaTales, a Mobile Game for Teaching Social Problem Solving Skills","167--172","","6","children, curiosity, fun/enjoyment, game evaluation, mental health, mobile app, playability, serious games","10.1145/2851613.2851678","","","","","","","2016","","Proceedings of the 31st Annual ACM Symposium on Applied Computing","SAC '16","","978-1-4503-3739-7","Pisa, Italy","ACM","New York, NY, USA"
"article","3282434","Joshua  Wade and Heathman S. Nichols and Megan  Ichinose and Dayi  Bian and Esube  Bekele and Matthew  Snodgress and Ashwaq Zaini Amat and Eric  Granholm and Sohee  Park and Nilanjan  Sarkar","","","","Extraction of Emotional Information via Visual Scanning Patterns: A Feasibility Study of Participants with Schizophrenia and Neurotypical Individuals","23:1--23:20","23","20","Schizophrenia","10.1145/3282434","ACM Trans. Access. Comput.","November 2018","11","4","","November","2018","1936-7228","","","","","","ACM","New York, NY, USA"
"article","3320815","Thomas  Roh and Valerie  Quinones-Avila and Ronna L. Campbell and Gabrielle  Melin and Kalyan S. Pasupathy","","","","Evaluation of Interventions for Psychiatric Care: A Simulation Study of the Effect on Emergency Departments","2507--2517","","11","","","","","","","","","2018","","Proceedings of the 2018 Winter Simulation Conference","WSC '18","","978-1-5386-6570","Gothenburg, Sweden","IEEE Press","Piscataway, NJ, USA"
"article","2820079","Gabriela  Marcu and Anind K. Dey and Sara  Kiesler and Madhu  Reddy","","","","Time to Reflect: Supporting Health Services over Time by Focusing on Collaborative Reflection","954--964","","11","Health services, collaboration, information systems, reflection.","10.1145/2818048.2820079","","","","","","","2016","","Proceedings of the 19th ACM Conference on Computer-Supported Cooperative Work & Social Computing","CSCW '16","","978-1-4503-3592-8","San Francisco, California, USA","ACM","New York, NY, USA"
"article","3012645","Juan-Jos&#233;  Igartua","","","","Communication, Education and Health Promotion","1051--1049","","-1","communication and education, e-health, entertainment-education, health communication, health promotion, narrative persuasion","10.1145/3012430.3012645","","","","","","","2016","","Proceedings of the Fourth International Conference on Technological Ecosystems for Enhancing Multiculturality","TEEM '16","","978-1-4503-4747-1","Salamanca, Spain","ACM","New York, NY, USA"
"article","3089342","Abhinav  Mehrotra and Mirco  Musolesi","","","","Designing Effective Movement Digital Biomarkers for Unobtrusive Emotional State Mobile Monitoring","3--8","","6","anticipatory computing, digital biomarkers, mobile sensing, mobility analysis","10.1145/3089341.3089342","","","","","","","2017","","Proceedings of the 1st Workshop on Digital Biomarkers","DigitalBiomarkers '17","","978-1-4503-4963-5","Niagara Falls, New York, USA","ACM","New York, NY, USA"
"article","3305165","Fadelia Deby Subandi and Eko  Hermanto and Nanda Shafira Keumala and Dyah Ayu Dewianti Putri and Sherly S. Turnip","","","","Berkooliah: Utilizing Social Media to Encourage Youths in Pursuing Higher Education","274--278","","5","Education, IT & Society, Instagram, Intervention, SDG, Social Media","10.1145/3305160.3305165","","","","","","","2019","","Proceedings of the 2Nd International Conference on Software Engineering and Information Management","ICSIM 2019","","978-1-4503-6642-7","Bali, Indonesia","ACM","New York, NY, USA"
"article","2968305","Katrin  H&#228;nsel and Akram  Alomainy and Hamed  Haddadi","","","","Large Scale Mood and Stress Self-assessments on a Smartwatch","1180--1184","","5","affective state, stress, wearable sensing","10.1145/2968219.2968305","","","","","","","2016","","Proceedings of the 2016 ACM International Joint Conference on Pervasive and Ubiquitous Computing: Adjunct","UbiComp '16","","978-1-4503-4462-3","Heidelberg, Germany","ACM","New York, NY, USA"
"article","3191999","Azadeh  Hemmati and Kon Shing Kenneth Chung","","","","Associations Between Personal Social Network Properties and Mental Health in Cancer Care","828--835","","8","cancer, egocentric network, mental QOL, social network, social support, structure, ties","","","","","","","","2014","","Proceedings of the 2014 IEEE/ACM International Conference on Advances in Social Networks Analysis and Mining","ASONAM '14","","978-1-4799-5876-4","Beijing, China","IEEE Press","Piscataway, NJ, USA"
"article","3274288","Nazanin  Andalibi and Margaret E. Morris and Andrea  Forte","","","","Testing Waters, Sending Clues: Indirect Disclosures of Socially Stigmatized Experiences on Social Media","19:1--19:23","19","23","disclosure decision-making framework, indirect disclosure, mental health, miscarriage, online identity, pregnancy loss, privacy, proxy disclosure, reproductive health, self-disclosure, social media, social network sites, social support, stigma, vague-booking, wellbeing","10.1145/3274288","Proc. ACM Hum.-Comput. Interact.","November 2018","2","CSCW","","November","2018","2573-0142","","","","","","ACM","New York, NY, USA"
"article","1125576","Eileen  Brosnan and Carol  Fitzpatrick and John  Sharry and Richard  Boyle","","","","An Evaluation of the Integrated Use of a Multimedia Storytelling System Within a Psychotherapy Intervention for Adolescents.","598--603","","6","cognitive behavioural therapy, multimedia, psychotherapy, storytelling, technology","10.1145/1125451.1125576","","","","","","","2006","","CHI '06 Extended Abstracts on Human Factors in Computing Systems","CHI EA '06","","1-59593-298-4","Montr&#233;al, Qu&#233;bec, Canada","ACM","New York, NY, USA"
"article","3312766","Hashini  Senaratne and Kirsten  Ellis and Sharon  Oviatt and Glenn  Melvin","","","","Designing Efficacious Mobile Technologies for Anxiety Self-Regulation","LBW1819:1--LBW1819:6","LBW1819","6","anxiety, design framework, mobile technologies, personalized, self-regulation","10.1145/3290607.3312766","","","","","","","2019","","Extended Abstracts of the 2019 CHI Conference on Human Factors in Computing Systems","CHI EA '19","","978-1-4503-5971-9","Glasgow, Scotland Uk","ACM","New York, NY, USA"
"article","3098164","Qi  Wang and Mengying  Sun and Liang  Zhan and Paul  Thompson and Shuiwang  Ji and Jiayu  Zhou","","","","Multi-Modality Disease Modeling via Collective Deep Matrix Factorization","1155--1164","","10","deep neural network, genetics, matrix factorization, medical imaging, mild cognitive impairment, multi-modality","10.1145/3097983.3098164","","","","","","","2017","","Proceedings of the 23rd ACM SIGKDD International Conference on Knowledge Discovery and Data Mining","KDD '17","","978-1-4503-4887-4","Halifax, NS, Canada","ACM","New York, NY, USA"
"article","2347574","Marco  Maiocchi and Margherita  Pillan","","","","Designing Formal Attributes and User Experience in Public Services","64:1--64:8","64","8","cognition, design, formal and aesthetic qualities of services, health care, interaction design, perception, service design","10.1145/2347504.2347574","","","","","","","2011","","Proceedings of the 2011 Conference on Designing Pleasurable Products and Interfaces","DPPI '11","","978-1-4503-1280-6","Milano, Italy","ACM","New York, NY, USA"
"article","2808197","Roland  G&#246;cke","","","","AVEC'15 Keynote Talk: From Facial Expression Analysis to Multimodal Mood Analysis","1--1","","1","affect analysis, affective computing, depression","10.1145/2808196.2808197","","","","","","","2015","","Proceedings of the 5th International Workshop on Audio/Visual Emotion Challenge","AVEC '15","","978-1-4503-3743-4","Brisbane, Australia","ACM","New York, NY, USA"
"article","3360642","Lucas Pfeiffer Salom&#227;o Dias and Jorge Luis Vict&#243;ria Barbosa","","","","Towards a Ubiquitous Care Model for Patients with Anxiety Disorders","141--144","","4","anxiety, biodata, depression, gamification, stress","10.1145/3323503.3360642","","","","","","","2019","","Proceedings of the 25th Brazillian Symposium on Multimedia and the Web","WebMedia '19","","978-1-4503-6763-9","Rio de Janeiro, Brazil","ACM","New York, NY, USA"
"article","2858553","Preethi  Srinivas and Anthony  Faiola and Gloria  Mark","","","","Designing Guidelines for Mobile Health Technology: Managing Notification Interruptions in the ICU","4502--4508","","7","clinical informatics, human-computer interaction, interruption, interruption management, locales","10.1145/2858036.2858553","","","","","","","2016","","Proceedings of the 2016 CHI Conference on Human Factors in Computing Systems","CHI '16","","978-1-4503-3362-7","San Jose, California, USA","ACM","New York, NY, USA"
"article","3299081","Fannie  Liu","","","","Expressive Biosignals: Authentic Social Cues for Social Connection","DC12:1--DC12:5","DC12","5","biosignals, interpersonal communication, physiological sensing, social connection, social cues","10.1145/3290607.3299081","","","","","","","2019","","Extended Abstracts of the 2019 CHI Conference on Human Factors in Computing Systems","CHI EA '19","","978-1-4503-5971-9","Glasgow, Scotland Uk","ACM","New York, NY, USA"
"article","2468437","Kara  Rennert and Evangelos  Karapanos","","","","Faceit: Supporting Reflection Upon Social Anxiety Events with Lifelogging","457--462","","6","cognitive behavioral therapy, lifelog, social anxiety","10.1145/2468356.2468437","","","","","","","2013","","CHI '13 Extended Abstracts on Human Factors in Computing Systems","CHI EA '13","","978-1-4503-1952-2","Paris, France","ACM","New York, NY, USA"
"article","3267858","Martin H. Luerssen and Tim  Hawke","","","","Virtual Agents As a Service: Applications in Healthcare","107--112","","6","content management system, embodied conversational agents, health apps, relational agents, self-management","10.1145/3267851.3267858","","","","","","","2018","","Proceedings of the 18th International Conference on Intelligent Virtual Agents","IVA '18","","978-1-4503-6013-5","Sydney, NSW, Australia","ACM","New York, NY, USA"
"article","3358404","Dai  Luo and Xiao-lei  Deng and Ya-wei  Luo and Guang-xin  Wang","","","","Design and Implementation of Virtual Examination System Based on Unity 3D","73:1--73:8","73","8","Interactive Design, Unity3D, Virtual reality, test anxiety, virtual examination room","10.1145/3358331.3358404","","","","","","","2019","","Proceedings of the 2019 International Conference on Artificial Intelligence and Advanced Manufacturing","AIAM 2019","","978-1-4503-7202-2","Dublin, Ireland","ACM","New York, NY, USA"
"proceeding","3089341","","","","General Chair-Deborah  Estrin and General Chair-JP  Pollak and General Chair-Tauhidur  Rahman","","","","","","","","","","","","","2017","","Proceedings of the 1st Workshop on Digital Biomarkers","","","978-1-4503-4963-5","Niagara Falls, New York, USA","ACM","New York, NY, USA"
"article","2783630","Sixian  Chen and John  Bowers and Abigail  Durrant","","","","'Ambient Walk': A Mobile Application for Mindful Walking with Sonification of Biophysical Data","315--315","","1","affective interaction, data sonification, mobile experience, research through design, walking meditation","10.1145/2783446.2783630","","","","","","","2015","","Proceedings of the 2015 British HCI Conference","British HCI '15","","978-1-4503-3643-7","Lincoln, Lincolnshire, United Kingdom","ACM","New York, NY, USA"
"article","2686666","Peter  Lyle and Jaz Hee-jeong Choi and Marcus  Foth","","","","Designing for Grassroots Food Production: An Event-based Urban Agriculture Community","362--365","","4","food, gardening, grass roots community, urban agriculture, urban informatics","10.1145/2686612.2686666","","","","","","","2014","","Proceedings of the 26th Australian Computer-Human Interaction Conference on Designing Futures: The Future of Design","OzCHI '14","","978-1-4503-0653-9","Sydney, New South Wales, Australia","ACM","New York, NY, USA"
"article","3089343","Yu  Huang and Jiaqi  Gong and Mark  Rucker and Philip  Chow and Karl  Fua and Matthew S. Gerber and Bethany  Teachman and Laura E. Barnes","","","","Discovery of Behavioral Markers of Social Anxiety from Smartphone Sensor Data","9--14","","6","behavioral dynamics, behavioral markers, smartphone use, social anxiety","10.1145/3089341.3089343","","","","","","","2017","","Proceedings of the 1st Workshop on Digital Biomarkers","DigitalBiomarkers '17","","978-1-4503-4963-5","Niagara Falls, New York, USA","ACM","New York, NY, USA"
"article","3271532","Vasundhara  Agrawal and Mayuri  Duggirala and Sushovan  Chanda","","","","Journey: A Game on Positive Affect","373--379","","7","positive psychology, psychology, subjective wellbeing, video games, wellbeing index","10.1145/3270316.3271532","","","","","","","2018","","Proceedings of the 2018 Annual Symposium on Computer-Human Interaction in Play Companion Extended Abstracts","CHI PLAY '18 Extended Abstracts","","978-1-4503-5968-9","Melbourne, VIC, Australia","ACM","New York, NY, USA"
"article","1371224","Yuichi  Fujiki and Konstantinos  Kazakos and Colin  Puri and Pradeep  Buddharaju and Ioannis  Pavlidis and James  Levine","","","","NEAT-o-Games: Blending Physical Activity and Fun in the Daily Routine","21:1--21:22","21","22","pervasive gaming, ubiquitous computing, wearable sensors","10.1145/1371216.1371224","Comput. Entertain.","April/June 2008","6","2","","July","2008","1544-3574","","","","","","ACM","New York, NY, USA"
"article","3209233","Ana  Ciocarlan and Judith  Masthoff and Nir  Oren","","","","Kindness is Contagious: Study into Exploring Engagement and Adapting Persuasive Games for Wellbeing","311--319","","9","adaptation, engagement, kindness, personality, persuasive games, persuasive technology, wellbeing","10.1145/3209219.3209233","","","","","","","2018","","Proceedings of the 26th Conference on User Modeling, Adaptation and Personalization","UMAP '18","","978-1-4503-5589-6","Singapore, Singapore","ACM","New York, NY, USA"
"article","3300466","Luma  Tabbaa and Chee Siang  Ang and Vienna  Rose and Panote  Siriaraya and Inga  Stewart and Keith G. Jenkins and Maria  Matsangidou","","","","Bring the Outside In: Providing Accessible Experiences Through VR for People with Dementia in Locked Psychiatric Hospitals","236:1--236:15","236","15","dementia, locked psychiatric hospital, long-term care, patient-centred design, person-centred care, virtual reality","10.1145/3290605.3300466","","","","","","","2019","","Proceedings of the 2019 CHI Conference on Human Factors in Computing Systems","CHI '19","","978-1-4503-5970-2","Glasgow, Scotland Uk","ACM","New York, NY, USA"
"article","3359186","Jessica A. Pater and Brooke  Farrington and Alycia  Brown and Lauren E. Reining and Tammy  Toscos and Elizabeth D. Mynatt","","","","Exploring Indicators of Digital Self-Harm with Eating Disorder Patients: A Case Study","84:1--84:26","84","26","case study, digital self-harm, eating disorder, instagram, social media, tumblr, twitter","10.1145/3359186","Proc. ACM Hum.-Comput. Interact.","November 2019","3","CSCW","","November","2019","2573-0142","","","","","","ACM","New York, NY, USA"
